soc,scenario,eta,t,task_id,p_ij
49-1011.00,Baseline,0.5,2024.0,2914,0.05724533686482101
49-1011.00,Baseline,0.5,2024.0,2912,0.05275134133614127
49-1011.00,Baseline,0.5,2024.0,15263,0.056215144009706175
49-1011.00,Baseline,0.5,2024.0,2929,0.06288884414552752
49-1011.00,Baseline,0.5,2024.0,15262,0.05435888910595296
49-1011.00,Baseline,0.5,2024.0,2918,0.06166456578808357
49-1011.00,Baseline,0.5,2024.0,2925,0.061407052693291435
49-1011.00,Baseline,0.5,2024.0,2919,0.05117387619555626
49-1011.00,Baseline,0.5,2024.0,2915,0.05745488138254101
49-1011.00,Baseline,0.5,2024.0,2920,0.04929186647042517
49-1011.00,Baseline,0.5,2024.0,2916,0.04899043967207676
49-1011.00,Baseline,0.5,2024.0,2923,0.05203986718906664
49-1011.00,Baseline,0.5,2024.0,2931,0.04592656981038337
49-1011.00,Baseline,0.5,2024.0,2917,0.04569382253570928
49-1011.00,Baseline,0.5,2024.0,2926,0.045794879308236315
49-1011.00,Baseline,0.5,2024.0,2930,0.044399185708016216
49-1011.00,Baseline,0.5,2024.0,2927,0.038422377966690395
49-1011.00,Baseline,0.5,2024.0,15264,0.03800076200191191
49-1011.00,Baseline,0.5,2024.0,2921,0.0399065731764743
49-1011.00,Baseline,0.5,2024.0,2932,0.03637372463938856
49-1011.00,Baseline,0.5,2024.25,2914,0.05718447421256891
49-1011.00,Baseline,0.5,2024.25,2912,0.05261507789171806
49-1011.00,Baseline,0.5,2024.25,15263,0.056155376647881686
49-1011.00,Baseline,0.5,2024.25,2929,0.06300436816388517
49-1011.00,Baseline,0.5,2024.25,15262,0.054301095295213785
49-1011.00,Baseline,0.5,2024.25,2918,0.06177784086138013
49-1011.00,Baseline,0.5,2024.25,2925,0.061519854726450364
49-1011.00,Baseline,0.5,2024.25,2919,0.05111946865772245
49-1011.00,Baseline,0.5,2024.25,2915,0.05756042345223171
49-1011.00,Baseline,0.5,2024.25,2920,0.049239459865937356
49-1011.00,Baseline,0.5,2024.25,2916,0.0489383535414548
49-1011.00,Baseline,0.5,2024.25,2923,0.0520613003682944
49-1011.00,Baseline,0.5,2024.25,2931,0.045877741154625756
49-1011.00,Baseline,0.5,2024.25,2917,0.04564524133445568
49-1011.00,Baseline,0.5,2024.25,2926,0.04581374042201205
49-1011.00,Baseline,0.5,2024.25,2930,0.04448074504361045
49-1011.00,Baseline,0.5,2024.25,2927,0.03838152769037169
49-1011.00,Baseline,0.5,2024.25,15264,0.03796035998334228
49-1011.00,Baseline,0.5,2024.25,2921,0.03992300912801411
49-1011.00,Baseline,0.5,2024.25,2932,0.03644054155882905
49-1011.00,Baseline,0.5,2024.5,2914,0.057123740839957436
49-1011.00,Baseline,0.5,2024.5,2912,0.05247910388734506
49-1011.00,Baseline,0.5,2024.5,15263,0.05609573623916838
49-1011.00,Baseline,0.5,2024.5,2929,0.06311964679524407
49-1011.00,Baseline,0.5,2024.5,15262,0.054243424245524384
49-1011.00,Baseline,0.5,2024.5,2918,0.061890875324709424
49-1011.00,Baseline,0.5,2024.5,2925,0.06163241715443654
49-1011.00,Baseline,0.5,2024.5,2919,0.051065176688084864
49-1011.00,Baseline,0.5,2024.5,2915,0.057665741337790864
49-1011.00,Baseline,0.5,2024.5,2920,0.049187164579421135
49-1011.00,Baseline,0.5,2024.5,2916,0.04888637804807915
49-1011.00,Baseline,0.5,2024.5,2923,0.0520826880208551
49-1011.00,Baseline,0.5,2024.5,2931,0.045829016216843536
49-1011.00,Baseline,0.5,2024.5,2917,0.04559676332555415
49-1011.00,Baseline,0.5,2024.5,2926,0.045832561472499075
49-1011.00,Baseline,0.5,2024.5,2930,0.04456213113730339
49-1011.00,Baseline,0.5,2024.5,2927,0.03834076418498469
49-1011.00,Baseline,0.5,2024.5,15264,0.037920043783550635
49-1011.00,Baseline,0.5,2024.5,2921,0.03993941016760334
49-1011.00,Baseline,0.5,2024.5,2932,0.03650721655104469
49-1011.00,Baseline,0.5,2024.75,2914,0.05706313633551517
49-1011.00,Baseline,0.5,2024.75,2912,0.05234341840179212
49-1011.00,Baseline,0.5,2024.75,15263,0.056036222379499706
49-1011.00,Baseline,0.5,2024.75,2929,0.0632346808206222
49-1011.00,Baseline,0.5,2024.75,15262,0.054185875566160724
49-1011.00,Baseline,0.5,2024.75,2918,0.062003669943885176
49-1011.00,Baseline,0.5,2024.75,2925,0.061744740739865626
49-1011.00,Baseline,0.5,2024.75,2919,0.051010999918812895
49-1011.00,Baseline,0.5,2024.75,2915,0.057770835752752006
49-1011.00,Baseline,0.5,2024.75,2920,0.04913498025657352
49-1011.00,Baseline,0.5,2024.75,2916,0.04883451283981344
49-1011.00,Baseline,0.5,2024.75,2923,0.05210403029165102
49-1011.00,Baseline,0.5,2024.75,2931,0.04578039466692299
49-1011.00,Baseline,0.5,2024.75,2917,0.045548388180563934
49-1011.00,Baseline,0.5,2024.75,2926,0.045851342587210846
49-1011.00,Baseline,0.5,2024.75,2930,0.04464334454048958
49-1011.00,Baseline,0.5,2024.75,2927,0.03830008717435475
49-1011.00,Baseline,0.5,2024.75,15264,0.037879813129392856
49-1011.00,Baseline,0.5,2024.75,2921,0.039955776406359785
49-1011.00,Baseline,0.5,2024.75,2932,0.03657375006776161
49-1011.00,Baseline,0.5,2025.0,2914,0.05700266028951504
49-1011.00,Baseline,0.5,2025.0,2912,0.05220802051773439
49-1011.00,Baseline,0.5,2025.0,15263,0.05597683466652209
49-1011.00,Baseline,0.5,2025.0,2929,0.06334947101772669
49-1011.00,Baseline,0.5,2025.0,15262,0.05412844886805516
49-1011.00,Baseline,0.5,2025.0,2918,0.06211622548147459
49-1011.00,Baseline,0.5,2025.0,2925,0.06185682624212032
49-1011.00,Baseline,0.5,2025.0,2919,0.050956937983635264
49-1011.00,Baseline,0.5,2025.0,2915,0.05787570740762382
49-1011.00,Baseline,0.5,2025.0,2920,0.049082906544593505
49-1011.00,Baseline,0.5,2025.0,2916,0.048782757566014086
49-1011.00,Baseline,0.5,2025.0,2923,0.05212532732497023
49-1011.00,Baseline,0.5,2025.0,2931,0.04573187617614985
49-1011.00,Baseline,0.5,2025.0,2917,0.04550011557243663
49-1011.00,Baseline,0.5,2025.0,2926,0.045870083893120285
49-1011.00,Baseline,0.5,2025.0,2930,0.044724385802226055
49-1011.00,Baseline,0.5,2025.0,2927,0.03825949638347802
49-1011.00,Baseline,0.5,2025.0,15264,0.03783966774888275
49-1011.00,Baseline,0.5,2025.0,2921,0.03997210795493017
49-1011.00,Baseline,0.5,2025.0,2932,0.03664014255879099
49-1011.00,Baseline,0.5,2025.25,2914,0.05697247031086577
49-1011.00,Baseline,0.5,2025.25,2912,0.052140429140664996
49-1011.00,Baseline,0.5,2025.25,15263,0.05594718798977309
49-1011.00,Baseline,0.5,2025.25,2929,0.06340677492280879
49-1011.00,Baseline,0.5,2025.25,15262,0.05409978114084128
49-1011.00,Baseline,0.5,2025.25,2918,0.062172413832093244
49-1011.00,Baseline,0.5,2025.25,2925,0.06191277994848462
49-1011.00,Baseline,0.5,2025.25,2919,0.05092994996479641
49-1011.00,Baseline,0.5,2025.25,2915,0.05792805992123705
49-1011.00,Baseline,0.5,2025.25,2920,0.04905691105783728
49-1011.00,Baseline,0.5,2025.25,2916,0.048756921045369425
49-1011.00,Baseline,0.5,2025.25,2923,0.05213595892249893
49-1011.00,Baseline,0.5,2025.25,2931,0.04570765547560119
49-1011.00,Baseline,0.5,2025.25,2917,0.045476017617872844
49-1011.00,Baseline,0.5,2025.25,2926,0.045879439657306065
49-1011.00,Baseline,0.5,2025.25,2930,0.044764842050994874
49-1011.00,Baseline,0.5,2025.25,2927,0.03823923323482701
49-1011.00,Baseline,0.5,2025.25,15264,0.037819626951565
49-1011.00,Baseline,0.5,2025.25,2921,0.039980260754844524
49-1011.00,Baseline,0.5,2025.25,2932,0.03667328605971772
49-1011.00,Baseline,0.5,2025.5,2914,0.05694231229396506
49-1011.00,Baseline,0.5,2025.5,2912,0.052072909321731684
49-1011.00,Baseline,0.5,2025.5,15263,0.055917572699585805
49-1011.00,Baseline,0.5,2025.5,2929,0.06346401816097128
49-1011.00,Baseline,0.5,2025.5,15262,0.05407114376378763
49-1011.00,Baseline,0.5,2025.5,2918,0.06222854269681565
49-1011.00,Baseline,0.5,2025.5,2925,0.061968674417367586
49-1011.00,Baseline,0.5,2025.5,2919,0.050902990517831766
49-1011.00,Baseline,0.5,2025.5,2915,0.05798035700990618
49-1011.00,Baseline,0.5,2025.5,2920,0.04903094309217411
49-1011.00,Baseline,0.5,2025.5,2916,0.0487311118775224
49-1011.00,Baseline,0.5,2025.5,2923,0.05214657926448977
49-1011.00,Baseline,0.5,2025.5,2931,0.04568346041720187
49-1011.00,Baseline,0.5,2025.5,2917,0.04545194517550878
49-1011.00,Baseline,0.5,2025.5,2926,0.04588878551666262
49-1011.00,Baseline,0.5,2025.5,2930,0.04480525546924475
49-1011.00,Baseline,0.5,2025.5,2927,0.038218991538515205
49-1011.00,Baseline,0.5,2025.5,15264,0.037799607371185914
49-1011.00,Baseline,0.5,2025.5,2921,0.0399884049234927
49-1011.00,Baseline,0.5,2025.5,2932,0.03670639447203916
49-1011.00,Baseline,0.5,2025.75,2914,0.05691218618808356
49-1011.00,Baseline,0.5,2025.75,2912,0.05200546094735804
49-1011.00,Baseline,0.5,2025.75,15263,0.05588798874614381
49-1011.00,Baseline,0.5,2025.75,2929,0.06352120082850415
49-1011.00,Baseline,0.5,2025.75,15262,0.05404253668872275
49-1011.00,Baseline,0.5,2025.75,2918,0.062284612170057346
49-1011.00,Baseline,0.5,2025.75,2925,0.06202450974279045
49-1011.00,Baseline,0.5,2025.75,2919,0.05087605959739235
49-1011.00,Baseline,0.5,2025.75,2915,0.05803259876160122
49-1011.00,Baseline,0.5,2025.75,2920,0.049005002603922786
49-1011.00,Baseline,0.5,2025.75,2916,0.04870533001905893
49-1011.00,Baseline,0.5,2025.75,2923,0.05215718836880745
49-1011.00,Baseline,0.5,2025.75,2931,0.04565929096025294
49-1011.00,Baseline,0.5,2025.75,2917,0.045427898204851734
49-1011.00,Baseline,0.5,2025.75,2926,0.04589812148691081
49-1011.00,Baseline,0.5,2025.75,2930,0.044845626124955906
49-1011.00,Baseline,0.5,2025.75,2927,0.03819877126049366
49-1011.00,Baseline,0.5,2025.75,15264,0.03777960897407017
49-1011.00,Baseline,0.5,2025.75,2921,0.03999654047457419
49-1011.00,Baseline,0.5,2025.75,2932,0.03673946785144766
49-1011.00,Baseline,0.5,2026.0,2914,0.05688209194259916
49-1011.00,Baseline,0.5,2026.0,2912,0.051938083904207885
49-1011.00,Baseline,0.5,2026.0,15263,0.055858436079736
49-1011.00,Baseline,0.5,2026.0,2929,0.06357832302149372
49-1011.00,Baseline,0.5,2026.0,15262,0.054013959867577004
49-1011.00,Baseline,0.5,2026.0,2918,0.06234062234603408
49-1011.00,Baseline,0.5,2026.0,2925,0.06208028601857555
49-1011.00,Baseline,0.5,2026.0,2919,0.05084915715822505
49-1011.00,Baseline,0.5,2026.0,2915,0.05808478526410604
49-1011.00,Baseline,0.5,2026.0,2920,0.048979089549494474
49-1011.00,Baseline,0.5,2026.0,2916,0.048679575426656733
49-1011.00,Baseline,0.5,2026.0,2923,0.052167786253278885
49-1011.00,Baseline,0.5,2026.0,2931,0.04563514706414147
49-1011.00,Baseline,0.5,2026.0,2917,0.04540387666549461
49-1011.00,Baseline,0.5,2026.0,2926,0.045907447583738235
49-1011.00,Baseline,0.5,2026.0,2930,0.04488595408596477
49-1011.00,Baseline,0.5,2026.0,2927,0.038178572366785436
49-1011.00,Baseline,0.5,2026.0,15264,0.03775963172661366
49-1011.00,Baseline,0.5,2026.0,2921,0.040004667421759475
49-1011.00,Baseline,0.5,2026.0,2932,0.0367725062535177
49-1011.00,Baseline,0.5,2026.25,2914,0.05685202950699678
49-1011.00,Baseline,0.5,2026.25,2912,0.051870778079184617
49-1011.00,Baseline,0.5,2026.25,15263,0.05582891465075636
49-1011.00,Baseline,0.5,2026.25,2929,0.06363538483582318
49-1011.00,Baseline,0.5,2026.25,15262,0.053985413252382417
49-1011.00,Baseline,0.5,2026.25,2918,0.06239657331876248
49-1011.00,Baseline,0.5,2026.25,2925,0.06213600333834685
49-1011.00,Baseline,0.5,2026.25,2919,0.05082228315517244
49-1011.00,Baseline,0.5,2026.25,2915,0.05813691660501899
49-1011.00,Baseline,0.5,2026.25,2920,0.04895320388539248
49-1011.00,Baseline,0.5,2026.25,2916,0.0486538480570851
49-1011.00,Baseline,0.5,2026.25,2923,0.05217837293569326
49-1011.00,Baseline,0.5,2026.25,2931,0.04561102868834043
49-1011.00,Baseline,0.5,2026.25,2917,0.045379880517115743
49-1011.00,Baseline,0.5,2026.25,2926,0.04591676382279933
49-1011.00,Baseline,0.5,2026.25,2930,0.04492623941996434
49-1011.00,Baseline,0.5,2026.25,2927,0.038158394823485424
49-1011.00,Baseline,0.5,2026.25,15264,0.03773967559528332
49-1011.00,Baseline,0.5,2026.25,2921,0.04001278577869015
49-1011.00,Baseline,0.5,2026.25,2932,0.036805509733706346
49-1011.00,Baseline,0.5,2026.5,2914,0.056821998830868074
49-1011.00,Baseline,0.5,2026.5,2912,0.051803543359430604
49-1011.00,Baseline,0.5,2026.5,15263,0.05579942440970371
49-1011.00,Baseline,0.5,2026.5,2929,0.06369238636717309
49-1011.00,Baseline,0.5,2026.5,15262,0.053956896795272345
49-1011.00,Baseline,0.5,2026.5,2918,0.06245246518206042
49-1011.00,Baseline,0.5,2026.5,2925,0.062191661795530484
49-1011.00,Baseline,0.5,2026.5,2919,0.05079543754317249
49-1011.00,Baseline,0.5,2026.5,2915,0.05818899287175325
49-1011.00,Baseline,0.5,2026.5,2920,0.04892734556821202
49-1011.00,Baseline,0.5,2026.5,2916,0.04862814786720467
49-1011.00,Baseline,0.5,2026.5,2923,0.05218894843380222
49-1011.00,Baseline,0.5,2026.5,2931,0.045586935792408405
49-1011.00,Baseline,0.5,2026.5,2917,0.04535590971947868
49-1011.00,Baseline,0.5,2026.5,2926,0.04592607021971547
49-1011.00,Baseline,0.5,2026.5,2930,0.044966482194504595
49-1011.00,Baseline,0.5,2026.5,2927,0.038138238596760146
49-1011.00,Baseline,0.5,2026.5,15264,0.03771974054661694
49-1011.00,Baseline,0.5,2026.5,2921,0.04002089555897897
49-1011.00,Baseline,0.5,2026.5,2932,0.03683847834735342
49-1011.00,Baseline,0.5,2026.75,2914,0.056791999863911154
49-1011.00,Baseline,0.5,2026.75,2912,0.05173637963232654
49-1011.00,Baseline,0.5,2026.75,15263,0.055769965307181375
49-1011.00,Baseline,0.5,2026.75,2929,0.06374932771102201
49-1011.00,Baseline,0.5,2026.75,15262,0.05392841044848125
49-1011.00,Baseline,0.5,2026.75,2918,0.0625082980295478
49-1011.00,Baseline,0.5,2026.75,2925,0.062247261483355354
49-1011.00,Baseline,0.5,2026.75,2919,0.050768620277258356
49-1011.00,Baseline,0.5,2026.75,2915,0.05824101415153751
49-1011.00,Baseline,0.5,2026.75,2920,0.04890151455463997
49-1011.00,Baseline,0.5,2026.75,2916,0.04860247481396719
49-1011.00,Baseline,0.5,2026.75,2923,0.05219951276531989
49-1011.00,Baseline,0.5,2026.75,2931,0.045562868335989375
49-1011.00,Baseline,0.5,2026.75,2917,0.04533196423243191
49-1011.00,Baseline,0.5,2026.75,2926,0.045935366790075
49-1011.00,Baseline,0.5,2026.75,2930,0.045006682476992896
49-1011.00,Baseline,0.5,2026.75,2927,0.038118103652847575
49-1011.00,Baseline,0.5,2026.75,15264,0.037699826547222974
49-1011.00,Baseline,0.5,2026.75,2921,0.040028996776209955
49-1011.00,Baseline,0.5,2026.75,2932,0.03687141214968194
49-1011.00,Baseline,0.5,2027.0,2914,0.05676203255593028
49-1011.00,Baseline,0.5,2027.0,2912,0.05166928678549083
49-1011.00,Baseline,0.5,2027.0,15263,0.055740537293896976
49-1011.00,Baseline,0.5,2027.0,2929,0.06380620896264695
49-1011.00,Baseline,0.5,2027.0,15262,0.05389995416434438
49-1011.00,Baseline,0.5,2027.0,2918,0.06256407195464678
49-1011.00,Baseline,0.5,2027.0,2925,0.06230280249485352
49-1011.00,Baseline,0.5,2027.0,2919,0.05074183131255808
49-1011.00,Baseline,0.5,2027.0,2915,0.058292980531416246
49-1011.00,Baseline,0.5,2027.0,2920,0.04887571080145464
49-1011.00,Baseline,0.5,2027.0,2916,0.04857682885441527
49-1011.00,Baseline,0.5,2027.0,2923,0.05221006594792304
49-1011.00,Baseline,0.5,2027.0,2931,0.04553882627881251
49-1011.00,Baseline,0.5,2027.0,2917,0.04530804401590869
49-1011.00,Baseline,0.5,2027.0,2926,0.045944653549433424
49-1011.00,Baseline,0.5,2027.0,2930,0.04504684033469427
49-1011.00,Baseline,0.5,2027.0,2927,0.03809798995805695
49-1011.00,Baseline,0.5,2027.0,15264,0.037679933563780355
49-1011.00,Baseline,0.5,2027.0,2921,0.040037089443938474
49-1011.00,Baseline,0.5,2027.0,2932,0.03690431119579831
49-1011.00,Baseline,0.5,2027.25,2914,0.05673209685683563
49-1011.00,Baseline,0.5,2027.25,2912,0.051602264706778936
49-1011.00,Baseline,0.5,2027.25,15263,0.05571114032066209
49-1011.00,Baseline,0.5,2027.25,2929,0.06386303021712395
49-1011.00,Baseline,0.5,2027.25,15262,0.05387152789529756
49-1011.00,Baseline,0.5,2027.25,2918,0.06261978705058256
49-1011.00,Baseline,0.5,2027.25,2925,0.06235828492286084
49-1011.00,Baseline,0.5,2027.25,2919,0.05071507060429437
49-1011.00,Baseline,0.5,2027.25,2915,0.058344892098250396
49-1011.00,Baseline,0.5,2027.25,2920,0.04884993426552549
49-1011.00,Baseline,0.5,2027.25,2916,0.04855120994568213
49-1011.00,Baseline,0.5,2027.25,2923,0.052220607999251115
49-1011.00,Baseline,0.5,2027.25,2931,0.04551480958069194
49-1011.00,Baseline,0.5,2027.25,2917,0.04528414902992681
49-1011.00,Baseline,0.5,2027.25,2926,0.04595393051331337
49-1011.00,Baseline,0.5,2027.25,2930,0.04508695583473191
49-1011.00,Baseline,0.5,2027.25,2927,0.038077897478768594
49-1011.00,Baseline,0.5,2027.25,15264,0.037660061563038305
49-1011.00,Baseline,0.5,2027.25,2921,0.04004517357569126
49-1011.00,Baseline,0.5,2027.25,2932,0.03693717554069275
49-1011.00,Baseline,0.5,2027.5,2914,0.05670219271664299
49-1011.00,Baseline,0.5,2027.5,2912,0.05153531328428282
49-1011.00,Baseline,0.5,2027.5,15263,0.05568177433839204
49-1011.00,Baseline,0.5,2027.5,2929,0.06391979156932855
49-1011.00,Baseline,0.5,2027.5,15262,0.0538431315938769
49-1011.00,Baseline,0.5,2027.5,2918,0.0626754434103837
49-1011.00,Baseline,0.5,2027.5,2925,0.0624137088600174
49-1011.00,Baseline,0.5,2027.5,2919,0.05068833810778437
49-1011.00,Baseline,0.5,2027.5,2915,0.058396748938717706
49-1011.00,Baseline,0.5,2027.5,2920,0.048824184903812955
49-1011.00,Baseline,0.5,2027.5,2916,0.04852561804499138
49-1011.00,Baseline,0.5,2027.5,2923,0.0522311389369064
49-1011.00,Baseline,0.5,2027.5,2931,0.045490818201526506
49-1011.00,Baseline,0.5,2027.5,2917,0.04526027923458833
49-1011.00,Baseline,0.5,2027.5,2926,0.0459631976972048
49-1011.00,Baseline,0.5,2027.5,2930,0.04512702904408742
49-1011.00,Baseline,0.5,2027.5,2927,0.03805782618143369
49-1011.00,Baseline,0.5,2027.5,15264,0.037640210511816166
49-1011.00,Baseline,0.5,2027.5,2921,0.04005324918496657
49-1011.00,Baseline,0.5,2027.5,2932,0.03697000523923947
49-1011.00,Baseline,0.5,2027.75,2914,0.05667232008547343
49-1011.00,Baseline,0.5,2027.75,2912,0.051468432406330165
49-1011.00,Baseline,0.5,2027.75,15263,0.05565243929810551
49-1011.00,Baseline,0.5,2027.75,2929,0.06397649311393636
49-1011.00,Baseline,0.5,2027.75,15262,0.05381476521271849
49-1011.00,Baseline,0.5,2027.75,2918,0.06273104112688271
49-1011.00,Baseline,0.5,2027.75,2925,0.06246907439876804
49-1011.00,Baseline,0.5,2027.75,2919,0.05066163377843932
49-1011.00,Baseline,0.5,2027.75,2915,0.05844855113931324
49-1011.00,Baseline,0.5,2027.75,2920,0.0487984626733681
49-1011.00,Baseline,0.5,2027.75,2916,0.04850005310965674
49-1011.00,Baseline,0.5,2027.75,2923,0.05224165877845405
49-1011.00,Baseline,0.5,2027.75,2931,0.04546685210129955
49-1011.00,Baseline,0.5,2027.75,2917,0.04523643459007938
49-1011.00,Baseline,0.5,2027.75,2926,0.045972455116564954
49-1011.00,Baseline,0.5,2027.75,2930,0.04516706002960129
49-1011.00,Baseline,0.5,2027.75,2927,0.03803777603257411
49-1011.00,Baseline,0.5,2027.75,15264,0.03762038037700316
49-1011.00,Baseline,0.5,2027.75,2921,0.04006131628523415
49-1011.00,Baseline,0.5,2027.75,2932,0.03700280034619707
49-1011.00,Baseline,0.5,2028.0,2914,0.0566424789135532
49-1011.00,Baseline,0.5,2028.0,2912,0.051401621961484026
49-1011.00,Baseline,0.5,2028.0,15263,0.05562313515092448
49-1011.00,Baseline,0.5,2028.0,2929,0.06403313494542363
49-1011.00,Baseline,0.5,2028.0,15262,0.05378642870455829
49-1011.00,Baseline,0.5,2028.0,2918,0.06278658029271668
49-1011.00,Baseline,0.5,2028.0,2925,0.06252438163136298
49-1011.00,Baseline,0.5,2028.0,2919,0.05063495757176449
49-1011.00,Baseline,0.5,2028.0,2915,0.058500298786349984
49-1011.00,Baseline,0.5,2028.0,2920,0.04877276753133257
49-1011.00,Baseline,0.5,2028.0,2916,0.04847451509708195
49-1011.00,Baseline,0.5,2028.0,2923,0.052252167541422284
49-1011.00,Baseline,0.5,2028.0,2931,0.04544291124007875
49-1011.00,Baseline,0.5,2028.0,2917,0.04521261505667004
49-1011.00,Baseline,0.5,2028.0,2926,0.04598170278681862
49-1011.00,Baseline,0.5,2028.0,2930,0.045207048857973234
49-1011.00,Baseline,0.5,2028.0,2927,0.03801774699878232
49-1011.00,Baseline,0.5,2028.0,15264,0.037600571125558334
49-1011.00,Baseline,0.5,2028.0,2921,0.04006937488993548
49-1011.00,Baseline,0.5,2028.0,2932,0.03703556091620884
49-1011.00,Baseline,0.5,2028.25,2914,0.05661266915121316
49-1011.00,Baseline,0.5,2028.25,2912,0.05133488183854187
49-1011.00,Baseline,0.5,2028.25,15263,0.055593861848073675
49-1011.00,Baseline,0.5,2028.25,2929,0.06408971715806766
49-1011.00,Baseline,0.5,2028.25,15262,0.0537581220222316
49-1011.00,Baseline,0.5,2028.25,2918,0.06284206100032753
49-1011.00,Baseline,0.5,2028.25,2925,0.06257963064985815
49-1011.00,Baseline,0.5,2028.25,2919,0.050608309443358666
49-1011.00,Baseline,0.5,2028.25,2915,0.0585519919659591
49-1011.00,Baseline,0.5,2028.25,2920,0.0487470994349381
49-1011.00,Baseline,0.5,2028.25,2916,0.04844900396476025
49-1011.00,Baseline,0.5,2028.25,2923,0.05226266524330232
49-1011.00,Baseline,0.5,2028.25,2931,0.04541899557801577
49-1011.00,Baseline,0.5,2028.25,2917,0.04518882059471388
49-1011.00,Baseline,0.5,2028.25,2926,0.045990940723358
49-1011.00,Baseline,0.5,2028.25,2930,0.04524699559576252
49-1011.00,Baseline,0.5,2028.25,2927,0.037997739046720984
49-1011.00,Baseline,0.5,2028.25,15264,0.03758078272451019
49-1011.00,Baseline,0.5,2028.25,2921,0.04007742501248361
49-1011.00,Baseline,0.5,2028.25,2932,0.03706828700380299
49-1011.00,Baseline,0.5,2028.5,2914,0.056582890748888816
49-1011.00,Baseline,0.5,2028.5,2912,0.051268211926535266
49-1011.00,Baseline,0.5,2028.5,15263,0.05556461934088055
49-1011.00,Baseline,0.5,2028.5,2929,0.06414623984594744
49-1011.00,Baseline,0.5,2028.5,15262,0.05372984511867307
49-1011.00,Baseline,0.5,2028.5,2918,0.06289748334196284
49-1011.00,Baseline,0.5,2028.5,2925,0.06263482154611581
49-1011.00,Baseline,0.5,2028.5,2919,0.05058168934891419
49-1011.00,Baseline,0.5,2028.5,2915,0.05860363076409062
49-1011.00,Baseline,0.5,2028.5,2920,0.0487214583415065
49-1011.00,Baseline,0.5,2028.5,2916,0.04842351967027445
49-1011.00,Baseline,0.5,2028.5,2923,0.05227315190154869
49-1011.00,Baseline,0.5,2028.5,2931,0.04539510507534617
49-1011.00,Baseline,0.5,2028.5,2917,0.04516505116464801
49-1011.00,Baseline,0.5,2028.5,2926,0.046000168941543
49-1011.00,Baseline,0.5,2028.5,2930,0.045286900309388416
49-1011.00,Baseline,0.5,2028.5,2927,0.03797775214312302
49-1011.00,Baseline,0.5,2028.5,15264,0.037561015140956666
49-1011.00,Baseline,0.5,2028.5,2921,0.04008546666626349
49-1011.00,Baseline,0.5,2028.5,2932,0.03710097866339304
49-1011.00,Baseline,0.5,2028.75,2914,0.05655314365711982
49-1011.00,Baseline,0.5,2028.75,2912,0.05120161211472906
49-1011.00,Baseline,0.5,2028.75,15263,0.05553540758077487
49-1011.00,Baseline,0.5,2028.75,2929,0.0642027031029441
49-1011.00,Baseline,0.5,2028.75,15262,0.05370159794691629
49-1011.00,Baseline,0.5,2028.75,2918,0.06295284740967606
49-1011.00,Baseline,0.5,2028.75,2925,0.06268995441180505
49-1011.00,Baseline,0.5,2028.75,2919,0.05055509724421649
49-1011.00,Baseline,0.5,2028.75,2915,0.05865521526651377
49-1011.00,Baseline,0.5,2028.75,2920,0.04869584420844928
49-1011.00,Baseline,0.5,2028.75,2916,0.0483980621712965
49-1011.00,Baseline,0.5,2028.75,2923,0.052283627533579125
49-1011.00,Baseline,0.5,2028.75,2931,0.04537123969238912
49-1011.00,Baseline,0.5,2028.75,2917,0.04514130672699267
49-1011.00,Baseline,0.5,2028.75,2926,0.04600938745670116
49-1011.00,Baseline,0.5,2028.75,2930,0.045326763065130476
49-1011.00,Baseline,0.5,2028.75,2927,0.03795778625479124
49-1011.00,Baseline,0.5,2028.75,15264,0.03754126834206487
49-1011.00,Baseline,0.5,2028.75,2921,0.04009349986463184
49-1011.00,Baseline,0.5,2028.75,2932,0.037133635949278064
49-1011.00,Baseline,0.5,2029.0,2914,0.056523427826549844
49-1011.00,Baseline,0.5,2029.0,2912,0.0511350822926209
49-1011.00,Baseline,0.5,2029.0,15263,0.05550622651928852
49-1011.00,Baseline,0.5,2029.0,2929,0.06425910702274144
49-1011.00,Baseline,0.5,2029.0,15262,0.05367338046009358
49-1011.00,Baseline,0.5,2029.0,2918,0.06300815329532727
49-1011.00,Baseline,0.5,2029.0,2925,0.06274502933840237
49-1011.00,Baseline,0.5,2029.0,2919,0.05052853308514399
49-1011.00,Baseline,0.5,2029.0,2915,0.05870674555881757
49-1011.00,Baseline,0.5,2029.0,2920,0.04867025699326751
49-1011.00,Baseline,0.5,2029.0,2916,0.04837263142558735
49-1011.00,Baseline,0.5,2029.0,2923,0.05229409215677483
49-1011.00,Baseline,0.5,2029.0,2931,0.04534739938954719
49-1011.00,Baseline,0.5,2029.0,2917,0.04511758724235111
49-1011.00,Baseline,0.5,2029.0,2926,0.04601859628412788
49-1011.00,Baseline,0.5,2029.0,2930,0.04536658392912899
49-1011.00,Baseline,0.5,2029.0,2927,0.03793784134859827
49-1011.00,Baseline,0.5,2029.0,15264,0.037521542295070945
49-1011.00,Baseline,0.5,2029.0,2921,0.040101524620917366
49-1011.00,Baseline,0.5,2029.0,2932,0.03716625891564303
49-1011.00,Baseline,0.5,2029.25,2914,0.05649374320792617
49-1011.00,Baseline,0.5,2029.25,2912,0.0510686223499405
49-1011.00,Baseline,0.5,2029.25,15263,0.055477076108055134
49-1011.00,Baseline,0.5,2029.25,2929,0.0643154516988265
49-1011.00,Baseline,0.5,2029.25,15262,0.05364519261143567
49-1011.00,Baseline,0.5,2029.25,2918,0.06306340109058353
49-1011.00,Baseline,0.5,2029.25,2925,0.06280004641719197
49-1011.00,Baseline,0.5,2029.25,2919,0.050501996827667726
49-1011.00,Baseline,0.5,2029.25,2915,0.0587582217264112
49-1011.00,Baseline,0.5,2029.25,2920,0.04864469665355148
49-1011.00,Baseline,0.5,2029.25,2916,0.048347227390996624
49-1011.00,Baseline,0.5,2029.25,2923,0.05230454578848041
49-1011.00,Baseline,0.5,2029.25,2931,0.04532358412730611
49-1011.00,Baseline,0.5,2029.25,2917,0.04509389267140932
49-1011.00,Baseline,0.5,2029.25,2926,0.04602779543908634
49-1011.00,Baseline,0.5,2029.25,2930,0.045406362967385275
49-1011.00,Baseline,0.5,2029.25,2927,0.03791791739148628
49-1011.00,Baseline,0.5,2029.25,15264,0.0375018369672798
49-1011.00,Baseline,0.5,2029.25,2921,0.04010954094842072
49-1011.00,Baseline,0.5,2029.25,2932,0.037198847616559054
49-1011.00,Baseline,0.5,2029.5,2914,0.056464089752099565
49-1011.00,Baseline,0.5,2029.5,2912,0.05100223217664919
49-1011.00,Baseline,0.5,2029.5,15263,0.05544795629880998
49-1011.00,Baseline,0.5,2029.5,2929,0.06437173722449001
49-1011.00,Baseline,0.5,2029.5,15262,0.053617034354271544
49-1011.00,Baseline,0.5,2029.5,2918,0.06311859088691947
49-1011.00,Baseline,0.5,2029.5,2925,0.0628550057392665
49-1011.00,Baseline,0.5,2029.5,2919,0.05047548842785126
49-1011.00,Baseline,0.5,2029.5,2915,0.05880964385452453
49-1011.00,Baseline,0.5,2029.5,2920,0.048619163146980574
49-1011.00,Baseline,0.5,2029.5,2916,0.048321850025462514
49-1011.00,Baseline,0.5,2029.5,2923,0.052314988446004164
49-1011.00,Baseline,0.5,2029.5,2931,0.04529979386623462
49-1011.00,Baseline,0.5,2029.5,2917,0.045070222974935854
49-1011.00,Baseline,0.5,2029.5,2926,0.04603698493680777
49-1011.00,Baseline,0.5,2029.5,2930,0.045446100245762094
49-1011.00,Baseline,0.5,2029.5,2927,0.03789801435046691
49-1011.00,Baseline,0.5,2029.5,15264,0.03748215232606506
49-1011.00,Baseline,0.5,2029.5,2921,0.04011754886041471
49-1011.00,Baseline,0.5,2029.5,2932,0.03723140210598377
49-1011.00,Baseline,0.5,2029.75,2914,0.056434467410023864
49-1011.00,Baseline,0.5,2029.75,2912,0.0509359116629391
49-1011.00,Baseline,0.5,2029.75,15263,0.055418867043389546
49-1011.00,Baseline,0.5,2029.75,2929,0.06442796369282688
49-1011.00,Baseline,0.5,2029.75,15262,0.05358890564202807
49-1011.00,Baseline,0.5,2029.75,2918,0.0631737227756177
49-1011.00,Baseline,0.5,2029.75,2925,0.06290990739552735
49-1011.00,Baseline,0.5,2029.75,2919,0.050449007841850274
49-1011.00,Baseline,0.5,2029.75,2915,0.05886101202820855
49-1011.00,Baseline,0.5,2029.75,2920,0.048593656431322935
49-1011.00,Baseline,0.5,2029.75,2916,0.048296499287011414
49-1011.00,Baseline,0.5,2029.75,2923,0.05232542014661796
49-1011.00,Baseline,0.5,2029.75,2931,0.04527602856698414
49-1011.00,Baseline,0.5,2029.75,2917,0.04504657811378157
49-1011.00,Baseline,0.5,2029.75,2926,0.04604616479249135
49-1011.00,Baseline,0.5,2029.75,2930,0.04548579582998396
49-1011.00,Baseline,0.5,2029.75,2927,0.03787813219262096
49-1011.00,Baseline,0.5,2029.75,15264,0.03746248833886876
49-1011.00,Baseline,0.5,2029.75,2921,0.040125548370144176
49-1011.00,Baseline,0.5,2029.75,2932,0.0372639224377615
49-1011.00,Baseline,0.5,2030.0,2914,0.05640487613275583
49-1011.00,Baseline,0.5,2030.0,2912,0.05086966069923275
49-1011.00,Baseline,0.5,2030.0,15263,0.05538980829373135
49-1011.00,Baseline,0.5,2030.0,2929,0.06448413119673686
49-1011.00,Baseline,0.5,2030.0,15262,0.05356080642822983
49-1011.00,Baseline,0.5,2030.0,2918,0.06322879684776941
49-1011.00,Baseline,0.5,2030.0,2925,0.06296475147668536
49-1011.00,Baseline,0.5,2030.0,2919,0.05042255502591247
49-1011.00,Baseline,0.5,2030.0,2915,0.0589123263323359
49-1011.00,Baseline,0.5,2030.0,2920,0.04856817646443533
49-1011.00,Baseline,0.5,2030.0,2916,0.0482711751337578
49-1011.00,Baseline,0.5,2030.0,2923,0.052335840907557496
49-1011.00,Baseline,0.5,2030.0,2931,0.04525228819028869
49-1011.00,Baseline,0.5,2030.0,2917,0.04502295804887945
49-1011.00,Baseline,0.5,2030.0,2926,0.04605533502130443
49-1011.00,Baseline,0.5,2030.0,2930,0.0455254497856376
49-1011.00,Baseline,0.5,2030.0,2927,0.037858270885098314
49-1011.00,Baseline,0.5,2030.0,15264,0.03744284497320125
49-1011.00,Baseline,0.5,2030.0,2921,0.04013353949082627
49-1011.00,Baseline,0.5,2030.0,2932,0.03729640866562372
49-1011.00,Baseline,0.5,2030.25,2914,0.05637531587145477
49-1011.00,Baseline,0.5,2030.25,2912,0.050803479176182345
49-1011.00,Baseline,0.5,2030.25,15263,0.055360780001873666
49-1011.00,Baseline,0.5,2030.25,2929,0.06454023982892486
49-1011.00,Baseline,0.5,2030.25,15262,0.05353273666649882
49-1011.00,Baseline,0.5,2030.25,2918,0.06328381319427484
49-1011.00,Baseline,0.5,2030.25,2925,0.06301953807326112
49-1011.00,Baseline,0.5,2030.25,2919,0.05039612993637722
49-1011.00,Baseline,0.5,2030.25,2915,0.05896358685160126
49-1011.00,Baseline,0.5,2030.25,2920,0.04854272320426284
49-1011.00,Baseline,0.5,2030.25,2916,0.04824587752390392
49-1011.00,Baseline,0.5,2030.25,2923,0.05234625074602231
49-1011.00,Baseline,0.5,2030.25,2931,0.04522857269696454
49-1011.00,Baseline,0.5,2030.25,2917,0.044999362741244366
49-1011.00,Baseline,0.5,2030.25,2926,0.046064495638382545
49-1011.00,Baseline,0.5,2030.25,2930,0.045565062178172154
49-1011.00,Baseline,0.5,2030.25,2927,0.0378384303951177
49-1011.00,Baseline,0.5,2030.25,15264,0.03742322219664098
49-1011.00,Baseline,0.5,2030.25,2921,0.04014152223565041
49-1011.00,Baseline,0.5,2030.25,2932,0.037328860843189204
49-1011.00,Baseline,0.5,2030.5,2914,0.05634578657738241
49-1011.00,Baseline,0.5,2030.5,2912,0.05073736698466921
49-1011.00,Baseline,0.5,2030.5,15263,0.055331782119955306
49-1011.00,Baseline,0.5,2030.5,2929,0.06459628968190166
49-1011.00,Baseline,0.5,2030.5,15262,0.05350469631055424
49-1011.00,Baseline,0.5,2030.5,2918,0.06333877190584382
49-1011.00,Baseline,0.5,2030.5,2925,0.06307426727558567
49-1011.00,Baseline,0.5,2030.5,2919,0.05036973252967543
49-1011.00,Baseline,0.5,2030.5,2915,0.05901479367052194
49-1011.00,Baseline,0.5,2030.5,2920,0.04851729660883868
49-1011.00,Baseline,0.5,2030.5,2916,0.04822060641573964
49-1011.00,Baseline,0.5,2030.5,2923,0.05235664967917598
49-1011.00,Baseline,0.5,2030.5,2931,0.045204882047910136
49-1011.00,Baseline,0.5,2030.5,2917,0.0449757921519729
49-1011.00,Baseline,0.5,2030.5,2926,0.04607364665882955
49-1011.00,Baseline,0.5,2030.5,2930,0.045604633072899775
49-1011.00,Baseline,0.5,2030.5,2927,0.03781861068996657
49-1011.00,Baseline,0.5,2030.5,15264,0.03740361997683436
49-1011.00,Baseline,0.5,2030.5,2921,0.04014949661777836
49-1011.00,Baseline,0.5,2030.5,2932,0.03736127902396446
49-1011.00,Baseline,0.5,2030.75,2914,0.05631628820190242
49-1011.00,Baseline,0.5,2030.75,2912,0.050671324015803126
49-1011.00,Baseline,0.5,2030.75,15263,0.05530281460021521
49-1011.00,Baseline,0.5,2030.75,2929,0.0646522808479842
49-1011.00,Baseline,0.5,2030.75,15262,0.053476685314212145
49-1011.00,Baseline,0.5,2030.75,2918,0.06339367307299612
49-1011.00,Baseline,0.5,2030.75,2925,0.06312893917380076
49-1011.00,Baseline,0.5,2030.75,2919,0.05034336276232918
49-1011.00,Baseline,0.5,2030.75,2915,0.05906594687343815
49-1011.00,Baseline,0.5,2030.75,2920,0.04849189663628393
49-1011.00,Baseline,0.5,2030.75,2916,0.048195361767642116
49-1011.00,Baseline,0.5,2030.75,2923,0.052367037724146005
49-1011.00,Baseline,0.5,2030.75,2931,0.04518121620410571
49-1011.00,Baseline,0.5,2030.75,2917,0.04495224624224304
49-1011.00,Baseline,0.5,2030.75,2926,0.04608278809771759
49-1011.00,Baseline,0.5,2030.75,2930,0.045644162534995696
49-1011.00,Baseline,0.5,2030.75,2927,0.03779881173700081
49-1011.00,Baseline,0.5,2030.75,15264,0.03738403828149548
49-1011.00,Baseline,0.5,2030.75,2921,0.04015746265034433
49-1011.00,Baseline,0.5,2030.75,2932,0.03739366326134386
49-1011.00,Baseline,0.5,2031.0,2914,0.05628682069648037
49-1011.00,Baseline,0.5,2031.0,2912,0.05060535016092185
49-1011.00,Baseline,0.5,2031.0,15263,0.05527387739499238
49-1011.00,Baseline,0.5,2031.0,2929,0.0647082134192963
49-1011.00,Baseline,0.5,2031.0,15262,0.05344870363138532
49-1011.00,Baseline,0.5,2031.0,2918,0.06344851678606216
49-1011.00,Baseline,0.5,2031.0,2925,0.0631835538578596
49-1011.00,Baseline,0.5,2031.0,2919,0.05031702059095161
49-1011.00,Baseline,0.5,2031.0,2915,0.059117046544513704
49-1011.00,Baseline,0.5,2031.0,2920,0.048466523244807345
49-1011.00,Baseline,0.5,2031.0,2916,0.04817014353807567
49-1011.00,Baseline,0.5,2031.0,2923,0.05237741489802419
49-1011.00,Baseline,0.5,2031.0,2931,0.045157575126613246
49-1011.00,Baseline,0.5,2031.0,2917,0.044928724973314106
49-1011.00,Baseline,0.5,2031.0,2926,0.046091919970087394
49-1011.00,Baseline,0.5,2031.0,2930,0.04568365062949886
49-1011.00,Baseline,0.5,2031.0,2927,0.037779033503644706
49-1011.00,Baseline,0.5,2031.0,15264,0.037364477078406094
49-1011.00,Baseline,0.5,2031.0,2921,0.040165420346455094
49-1011.00,Baseline,0.5,2031.0,2932,0.03742601360861008
49-1011.00,Baseline,0.5,2031.25,2914,0.05625738401268328
49-1011.00,Baseline,0.5,2031.25,2912,0.05053944531159038
49-1011.00,Baseline,0.5,2031.25,15263,0.05524497045672544
49-1011.00,Baseline,0.5,2031.25,2929,0.064764087487769
49-1011.00,Baseline,0.5,2031.25,15262,0.05342075121608288
49-1011.00,Baseline,0.5,2031.25,2918,0.0635033031351833
49-1011.00,Baseline,0.5,2031.25,2925,0.06323811141752714
49-1011.00,Baseline,0.5,2031.25,2919,0.05029070597224656
49-1011.00,Baseline,0.5,2031.25,2915,0.05916809276773622
49-1011.00,Baseline,0.5,2031.25,2920,0.04844117639270505
49-1011.00,Baseline,0.5,2031.25,2916,0.048144951685591464
49-1011.00,Baseline,0.5,2031.25,2923,0.05238778121786645
49-1011.00,Baseline,0.5,2031.25,2931,0.04513395877657611
49-1011.00,Baseline,0.5,2031.25,2917,0.04490522830652637
49-1011.00,Baseline,0.5,2031.25,2926,0.046101042290948094
49-1011.00,Baseline,0.5,2031.25,2930,0.045723097421312066
49-1011.00,Baseline,0.5,2031.25,2927,0.03775927595739061
49-1011.00,Baseline,0.5,2031.25,15264,0.03734493633541527
49-1011.00,Baseline,0.5,2031.25,2921,0.040173369719189896
49-1011.00,Baseline,0.5,2031.25,2932,0.03745833011893432
49-1011.00,Baseline,0.5,2031.5,2914,0.0562279781021795
49-1011.00,Baseline,0.5,2031.5,2912,0.050473609359600505
49-1011.00,Baseline,0.5,2031.5,15263,0.05521609373795252
49-1011.00,Baseline,0.5,2031.5,2929,0.06481990314514115
49-1011.00,Baseline,0.5,2031.5,15262,0.0533928280224102
49-1011.00,Baseline,0.5,2031.5,2918,0.06355803221031252
49-1011.00,Baseline,0.5,2031.5,2925,0.06329261194238066
49-1011.00,Baseline,0.5,2031.5,2919,0.05026441886300845
49-1011.00,Baseline,0.5,2031.5,2915,0.059219085626917814
49-1011.00,Baseline,0.5,2031.5,2920,0.04841585603836045
49-1011.00,Baseline,0.5,2031.5,2916,0.04811978616882737
49-1011.00,Baseline,0.5,2031.5,2923,0.052398136700693154
49-1011.00,Baseline,0.5,2031.5,2931,0.04511036711521898
49-1011.00,Baseline,0.5,2031.5,2917,0.04488175620330103
49-1011.00,Baseline,0.5,2031.5,2926,0.04611015507527755
49-1011.00,Baseline,0.5,2031.5,2930,0.04576250297520246
49-1011.00,Baseline,0.5,2031.5,2927,0.03773953906579892
49-1011.00,Baseline,0.5,2031.5,15264,0.03732541602043935
49-1011.00,Baseline,0.5,2031.5,2921,0.04018131078160077
49-1011.00,Baseline,0.5,2031.5,2932,0.0374906128453766
49-1011.00,Baseline,0.5,2031.75,2914,0.05619860291673834
49-1011.00,Baseline,0.5,2031.75,2912,0.05040784219697007
49-1011.00,Baseline,0.5,2031.75,15263,0.05518724719131089
49-1011.00,Baseline,0.5,2031.75,2929,0.0648756604829599
49-1011.00,Baseline,0.5,2031.75,15262,0.05336493400456848
49-1011.00,Baseline,0.5,2031.75,2918,0.06361270410121476
49-1011.00,Baseline,0.5,2031.75,2925,0.06334705552181026
49-1011.00,Baseline,0.5,2031.75,2919,0.05023815922012195
49-1011.00,Baseline,0.5,2031.75,2915,0.05927002520569538
49-1011.00,Baseline,0.5,2031.75,2920,0.04839056214024384
49-1011.00,Baseline,0.5,2031.75,2916,0.04809464694650767
49-1011.00,Baseline,0.5,2031.75,2923,0.05240848136348901
49-1011.00,Baseline,0.5,2031.75,2931,0.04508680010384752
49-1011.00,Baseline,0.5,2031.75,2917,0.044858308625139835
49-1011.00,Baseline,0.5,2031.75,2926,0.04611925833802224
49-1011.00,Baseline,0.5,2031.75,2930,0.04580186735580182
49-1011.00,Baseline,0.5,2031.75,2927,0.03771982279649777
49-1011.00,Baseline,0.5,2031.75,15264,0.037305916101461715
49-1011.00,Baseline,0.5,2031.75,2921,0.04018924354671235
49-1011.00,Baseline,0.5,2031.75,2932,0.03752286184088606
49-1011.00,Baseline,0.5,2032.0,2914,0.05616925840822986
49-1011.00,Baseline,0.5,2032.0,2912,0.05034214371594249
49-1011.00,Baseline,0.5,2032.0,15263,0.055158430769536776
49-1011.00,Baseline,0.5,2032.0,2929,0.06493135959258119
49-1011.00,Baseline,0.5,2032.0,15262,0.0533370691168546
49-1011.00,Baseline,0.5,2032.0,2918,0.06366731889746753
49-1011.00,Baseline,0.5,2032.0,2925,0.06340144224501938
49-1011.00,Baseline,0.5,2032.0,2919,0.05021192700056181
49-1011.00,Baseline,0.5,2032.0,2915,0.05932091158753124
49-1011.00,Baseline,0.5,2032.0,2920,0.048365294656912305
49-1011.00,Baseline,0.5,2032.0,2916,0.048069533977442847
49-1011.00,Baseline,0.5,2032.0,2923,0.05241881522320331
49-1011.00,Baseline,0.5,2032.0,2931,0.045063257703848225
49-1011.00,Baseline,0.5,2032.0,2917,0.04483488553362497
49-1011.00,Baseline,0.5,2032.0,2926,0.04612835209409747
49-1011.00,Baseline,0.5,2032.0,2930,0.045841190627606984
49-1011.00,Baseline,0.5,2032.0,2927,0.03770012711718293
49-1011.00,Baseline,0.5,2032.0,15264,0.0372864365465326
49-1011.00,Baseline,0.5,2032.0,2921,0.04019716802752215
49-1011.00,Baseline,0.5,2032.0,2932,0.037555077158301274
49-1011.00,Baseline,0.5,2032.25,2914,0.0561399445286246
49-1011.00,Baseline,0.5,2032.25,2912,0.050276513808986144
49-1011.00,Baseline,0.5,2032.25,15263,0.055129644425465044
49-1011.00,Baseline,0.5,2032.25,2929,0.06498700056517025
49-1011.00,Baseline,0.5,2032.25,15262,0.05330923331366088
49-1011.00,Baseline,0.5,2032.25,2918,0.06372187668846128
49-1011.00,Baseline,0.5,2032.25,2925,0.06345577220102519
49-1011.00,Baseline,0.5,2032.25,2919,0.050185722161392575
49-1011.00,Baseline,0.5,2032.25,2915,0.05937174485571336
49-1011.00,Baseline,0.5,2032.25,2920,0.04834005354700942
49-1011.00,Baseline,0.5,2032.25,2916,0.048044447220529404
49-1011.00,Baseline,0.5,2032.25,2923,0.052429138296749965
49-1011.00,Baseline,0.5,2032.25,2931,0.045039739876688197
49-1011.00,Baseline,0.5,2032.25,2917,0.04481148689041881
49-1011.00,Baseline,0.5,2032.25,2926,0.04613743635838741
49-1011.00,Baseline,0.5,2032.25,2930,0.045880472854980085
49-1011.00,Baseline,0.5,2032.25,2927,0.0376804519956176
49-1011.00,Baseline,0.5,2032.25,15264,0.03726697732376896
49-1011.00,Baseline,0.5,2032.25,2921,0.040205084237000525
49-1011.00,Baseline,0.5,2032.25,2932,0.03758725885035048
49-1011.00,Baseline,0.5,2032.5,2914,0.05611066122999326
49-1011.00,Baseline,0.5,2032.5,2912,0.05021095236879371
49-1011.00,Baseline,0.5,2032.5,15263,0.05510088811202894
49-1011.00,Baseline,0.5,2032.5,2929,0.06504258349170204
49-1011.00,Baseline,0.5,2032.5,15262,0.053281426549474716
49-1011.00,Baseline,0.5,2032.5,2918,0.06377637756339997
49-1011.00,Baseline,0.5,2032.5,2925,0.06351004547865907
49-1011.00,Baseline,0.5,2032.5,2919,0.05015954465976836
49-1011.00,Baseline,0.5,2032.5,2915,0.059422525093355966
49-1011.00,Baseline,0.5,2032.5,2920,0.048314838769265026
49-1011.00,Baseline,0.5,2032.5,2916,0.04801938663474954
49-1011.00,Baseline,0.5,2032.5,2923,0.05243945060100752
49-1011.00,Baseline,0.5,2032.5,2931,0.04501624658391491
49-1011.00,Baseline,0.5,2032.5,2917,0.044788112657263714
49-1011.00,Baseline,0.5,2032.5,2926,0.046146511145745125
49-1011.00,Baseline,0.5,2032.5,2930,0.04591971410214898
49-1011.00,Baseline,0.5,2032.5,2927,0.037660797399632226
49-1011.00,Baseline,0.5,2032.5,15264,0.03724753840135423
49-1011.00,Baseline,0.5,2032.5,2921,0.04021299218809074
49-1011.00,Baseline,0.5,2032.5,2932,0.0376194069696519
49-1011.00,Baseline,0.5,2032.75,2914,0.05608140846450657
49-1011.00,Baseline,0.5,2032.75,2912,0.050145459288281694
49-1011.00,Baseline,0.5,2032.75,15263,0.05507216178225994
49-1011.00,Baseline,0.5,2032.75,2929,0.06509810846296193
49-1011.00,Baseline,0.5,2032.75,15262,0.05325364877887852
49-1011.00,Baseline,0.5,2032.75,2918,0.0638308216113016
49-1011.00,Baseline,0.5,2032.75,2925,0.06356426216656734
49-1011.00,Baseline,0.5,2032.75,2919,0.050133394452932675
49-1011.00,Baseline,0.5,2032.75,2915,0.059473252383400024
49-1011.00,Baseline,0.5,2032.75,2920,0.04828965028249508
49-1011.00,Baseline,0.5,2032.75,2916,0.047994352179171064
49-1011.00,Baseline,0.5,2032.75,2923,0.05244975215281941
49-1011.00,Baseline,0.5,2032.75,2931,0.04499277778715609
49-1011.00,Baseline,0.5,2032.75,2917,0.04476476279598184
49-1011.00,Baseline,0.5,2032.75,2926,0.04615557647099277
49-1011.00,Baseline,0.5,2032.75,2930,0.04595891443320761
49-1011.00,Baseline,0.5,2032.75,2927,0.03764116329712437
49-1011.00,Baseline,0.5,2032.75,15264,0.03722811974753825
49-1011.00,Baseline,0.5,2032.75,2921,0.04022089189370911
49-1011.00,Baseline,0.5,2032.75,2932,0.03765152156871407
49-1011.00,Baseline,0.5,2033.0,2914,0.0560521861844349
49-1011.00,Baseline,0.5,2033.0,2912,0.050080034460589784
49-1011.00,Baseline,0.5,2033.0,15263,0.05504346538928736
49-1011.00,Baseline,0.5,2033.0,2929,0.06515357556954596
49-1011.00,Baseline,0.5,2033.0,15262,0.053225899956549284
49-1011.00,Baseline,0.5,2033.0,2918,0.06388520892099854
49-1011.00,Baseline,0.5,2033.0,2925,0.06361842235321138
49-1011.00,Baseline,0.5,2033.0,2919,0.050107271498218114
49-1011.00,Baseline,0.5,2033.0,2915,0.05952392680861355
49-1011.00,Baseline,0.5,2033.0,2920,0.04826448804560134
49-1011.00,Baseline,0.5,2033.0,2916,0.04796934381294707
49-1011.00,Baseline,0.5,2033.0,2923,0.052460042968993946
49-1011.00,Baseline,0.5,2033.0,2931,0.04496933344811937
49-1011.00,Baseline,0.5,2033.0,2917,0.04474143726847492
49-1011.00,Baseline,0.5,2033.0,2926,0.04616463234892158
49-1011.00,Baseline,0.5,2033.0,2930,0.04599807391211633
49-1011.00,Baseline,0.5,2033.0,2927,0.03762154965605849
49-1011.00,Baseline,0.5,2033.0,15264,0.03720872133063699
49-1011.00,Baseline,0.5,2033.0,2921,0.04022878336674501
49-1011.00,Baseline,0.5,2033.0,2932,0.03768360269993605
49-1011.00,Baseline,0.5,2033.25,2914,0.0560521861844349
49-1011.00,Baseline,0.5,2033.25,2912,0.050080034460589784
49-1011.00,Baseline,0.5,2033.25,15263,0.05504346538928736
49-1011.00,Baseline,0.5,2033.25,2929,0.06515357556954596
49-1011.00,Baseline,0.5,2033.25,15262,0.053225899956549284
49-1011.00,Baseline,0.5,2033.25,2918,0.06388520892099854
49-1011.00,Baseline,0.5,2033.25,2925,0.06361842235321138
49-1011.00,Baseline,0.5,2033.25,2919,0.050107271498218114
49-1011.00,Baseline,0.5,2033.25,2915,0.05952392680861355
49-1011.00,Baseline,0.5,2033.25,2920,0.04826448804560134
49-1011.00,Baseline,0.5,2033.25,2916,0.04796934381294707
49-1011.00,Baseline,0.5,2033.25,2923,0.052460042968993946
49-1011.00,Baseline,0.5,2033.25,2931,0.04496933344811937
49-1011.00,Baseline,0.5,2033.25,2917,0.04474143726847492
49-1011.00,Baseline,0.5,2033.25,2926,0.04616463234892158
49-1011.00,Baseline,0.5,2033.25,2930,0.04599807391211633
49-1011.00,Baseline,0.5,2033.25,2927,0.03762154965605849
49-1011.00,Baseline,0.5,2033.25,15264,0.03720872133063699
49-1011.00,Baseline,0.5,2033.25,2921,0.04022878336674501
49-1011.00,Baseline,0.5,2033.25,2932,0.03768360269993605
49-1011.00,Baseline,0.5,2033.5,2914,0.0560521861844349
49-1011.00,Baseline,0.5,2033.5,2912,0.050080034460589784
49-1011.00,Baseline,0.5,2033.5,15263,0.05504346538928736
49-1011.00,Baseline,0.5,2033.5,2929,0.06515357556954596
49-1011.00,Baseline,0.5,2033.5,15262,0.053225899956549284
49-1011.00,Baseline,0.5,2033.5,2918,0.06388520892099854
49-1011.00,Baseline,0.5,2033.5,2925,0.06361842235321138
49-1011.00,Baseline,0.5,2033.5,2919,0.050107271498218114
49-1011.00,Baseline,0.5,2033.5,2915,0.05952392680861355
49-1011.00,Baseline,0.5,2033.5,2920,0.04826448804560134
49-1011.00,Baseline,0.5,2033.5,2916,0.04796934381294707
49-1011.00,Baseline,0.5,2033.5,2923,0.052460042968993946
49-1011.00,Baseline,0.5,2033.5,2931,0.04496933344811937
49-1011.00,Baseline,0.5,2033.5,2917,0.04474143726847492
49-1011.00,Baseline,0.5,2033.5,2926,0.04616463234892158
49-1011.00,Baseline,0.5,2033.5,2930,0.04599807391211633
49-1011.00,Baseline,0.5,2033.5,2927,0.03762154965605849
49-1011.00,Baseline,0.5,2033.5,15264,0.03720872133063699
49-1011.00,Baseline,0.5,2033.5,2921,0.04022878336674501
49-1011.00,Baseline,0.5,2033.5,2932,0.03768360269993605
49-1011.00,Baseline,0.5,2033.75,2914,0.0560521861844349
49-1011.00,Baseline,0.5,2033.75,2912,0.050080034460589784
49-1011.00,Baseline,0.5,2033.75,15263,0.05504346538928736
49-1011.00,Baseline,0.5,2033.75,2929,0.06515357556954596
49-1011.00,Baseline,0.5,2033.75,15262,0.053225899956549284
49-1011.00,Baseline,0.5,2033.75,2918,0.06388520892099854
49-1011.00,Baseline,0.5,2033.75,2925,0.06361842235321138
49-1011.00,Baseline,0.5,2033.75,2919,0.050107271498218114
49-1011.00,Baseline,0.5,2033.75,2915,0.05952392680861355
49-1011.00,Baseline,0.5,2033.75,2920,0.04826448804560134
49-1011.00,Baseline,0.5,2033.75,2916,0.04796934381294707
49-1011.00,Baseline,0.5,2033.75,2923,0.052460042968993946
49-1011.00,Baseline,0.5,2033.75,2931,0.04496933344811937
49-1011.00,Baseline,0.5,2033.75,2917,0.04474143726847492
49-1011.00,Baseline,0.5,2033.75,2926,0.04616463234892158
49-1011.00,Baseline,0.5,2033.75,2930,0.04599807391211633
49-1011.00,Baseline,0.5,2033.75,2927,0.03762154965605849
49-1011.00,Baseline,0.5,2033.75,15264,0.03720872133063699
49-1011.00,Baseline,0.5,2033.75,2921,0.04022878336674501
49-1011.00,Baseline,0.5,2033.75,2932,0.03768360269993605
49-1011.00,Baseline,0.5,2034.0,2914,0.0560521861844349
49-1011.00,Baseline,0.5,2034.0,2912,0.050080034460589784
49-1011.00,Baseline,0.5,2034.0,15263,0.05504346538928736
49-1011.00,Baseline,0.5,2034.0,2929,0.06515357556954596
49-1011.00,Baseline,0.5,2034.0,15262,0.053225899956549284
49-1011.00,Baseline,0.5,2034.0,2918,0.06388520892099854
49-1011.00,Baseline,0.5,2034.0,2925,0.06361842235321138
49-1011.00,Baseline,0.5,2034.0,2919,0.050107271498218114
49-1011.00,Baseline,0.5,2034.0,2915,0.05952392680861355
49-1011.00,Baseline,0.5,2034.0,2920,0.04826448804560134
49-1011.00,Baseline,0.5,2034.0,2916,0.04796934381294707
49-1011.00,Baseline,0.5,2034.0,2923,0.052460042968993946
49-1011.00,Baseline,0.5,2034.0,2931,0.04496933344811937
49-1011.00,Baseline,0.5,2034.0,2917,0.04474143726847492
49-1011.00,Baseline,0.5,2034.0,2926,0.04616463234892158
49-1011.00,Baseline,0.5,2034.0,2930,0.04599807391211633
49-1011.00,Baseline,0.5,2034.0,2927,0.03762154965605849
49-1011.00,Baseline,0.5,2034.0,15264,0.03720872133063699
49-1011.00,Baseline,0.5,2034.0,2921,0.04022878336674501
49-1011.00,Baseline,0.5,2034.0,2932,0.03768360269993605
49-1011.00,Baseline,0.5,2034.25,2914,0.0560521861844349
49-1011.00,Baseline,0.5,2034.25,2912,0.050080034460589784
49-1011.00,Baseline,0.5,2034.25,15263,0.05504346538928736
49-1011.00,Baseline,0.5,2034.25,2929,0.06515357556954596
49-1011.00,Baseline,0.5,2034.25,15262,0.053225899956549284
49-1011.00,Baseline,0.5,2034.25,2918,0.06388520892099854
49-1011.00,Baseline,0.5,2034.25,2925,0.06361842235321138
49-1011.00,Baseline,0.5,2034.25,2919,0.050107271498218114
49-1011.00,Baseline,0.5,2034.25,2915,0.05952392680861355
49-1011.00,Baseline,0.5,2034.25,2920,0.04826448804560134
49-1011.00,Baseline,0.5,2034.25,2916,0.04796934381294707
49-1011.00,Baseline,0.5,2034.25,2923,0.052460042968993946
49-1011.00,Baseline,0.5,2034.25,2931,0.04496933344811937
49-1011.00,Baseline,0.5,2034.25,2917,0.04474143726847492
49-1011.00,Baseline,0.5,2034.25,2926,0.04616463234892158
49-1011.00,Baseline,0.5,2034.25,2930,0.04599807391211633
49-1011.00,Baseline,0.5,2034.25,2927,0.03762154965605849
49-1011.00,Baseline,0.5,2034.25,15264,0.03720872133063699
49-1011.00,Baseline,0.5,2034.25,2921,0.04022878336674501
49-1011.00,Baseline,0.5,2034.25,2932,0.03768360269993605
49-1011.00,Baseline,0.5,2034.5,2914,0.0560521861844349
49-1011.00,Baseline,0.5,2034.5,2912,0.050080034460589784
49-1011.00,Baseline,0.5,2034.5,15263,0.05504346538928736
49-1011.00,Baseline,0.5,2034.5,2929,0.06515357556954596
49-1011.00,Baseline,0.5,2034.5,15262,0.053225899956549284
49-1011.00,Baseline,0.5,2034.5,2918,0.06388520892099854
49-1011.00,Baseline,0.5,2034.5,2925,0.06361842235321138
49-1011.00,Baseline,0.5,2034.5,2919,0.050107271498218114
49-1011.00,Baseline,0.5,2034.5,2915,0.05952392680861355
49-1011.00,Baseline,0.5,2034.5,2920,0.04826448804560134
49-1011.00,Baseline,0.5,2034.5,2916,0.04796934381294707
49-1011.00,Baseline,0.5,2034.5,2923,0.052460042968993946
49-1011.00,Baseline,0.5,2034.5,2931,0.04496933344811937
49-1011.00,Baseline,0.5,2034.5,2917,0.04474143726847492
49-1011.00,Baseline,0.5,2034.5,2926,0.04616463234892158
49-1011.00,Baseline,0.5,2034.5,2930,0.04599807391211633
49-1011.00,Baseline,0.5,2034.5,2927,0.03762154965605849
49-1011.00,Baseline,0.5,2034.5,15264,0.03720872133063699
49-1011.00,Baseline,0.5,2034.5,2921,0.04022878336674501
49-1011.00,Baseline,0.5,2034.5,2932,0.03768360269993605
49-1011.00,Baseline,0.5,2034.75,2914,0.0560521861844349
49-1011.00,Baseline,0.5,2034.75,2912,0.050080034460589784
49-1011.00,Baseline,0.5,2034.75,15263,0.05504346538928736
49-1011.00,Baseline,0.5,2034.75,2929,0.06515357556954596
49-1011.00,Baseline,0.5,2034.75,15262,0.053225899956549284
49-1011.00,Baseline,0.5,2034.75,2918,0.06388520892099854
49-1011.00,Baseline,0.5,2034.75,2925,0.06361842235321138
49-1011.00,Baseline,0.5,2034.75,2919,0.050107271498218114
49-1011.00,Baseline,0.5,2034.75,2915,0.05952392680861355
49-1011.00,Baseline,0.5,2034.75,2920,0.04826448804560134
49-1011.00,Baseline,0.5,2034.75,2916,0.04796934381294707
49-1011.00,Baseline,0.5,2034.75,2923,0.052460042968993946
49-1011.00,Baseline,0.5,2034.75,2931,0.04496933344811937
49-1011.00,Baseline,0.5,2034.75,2917,0.04474143726847492
49-1011.00,Baseline,0.5,2034.75,2926,0.04616463234892158
49-1011.00,Baseline,0.5,2034.75,2930,0.04599807391211633
49-1011.00,Baseline,0.5,2034.75,2927,0.03762154965605849
49-1011.00,Baseline,0.5,2034.75,15264,0.03720872133063699
49-1011.00,Baseline,0.5,2034.75,2921,0.04022878336674501
49-1011.00,Baseline,0.5,2034.75,2932,0.03768360269993605
49-1011.00,Baseline,0.5,2035.0,2914,0.0560521861844349
49-1011.00,Baseline,0.5,2035.0,2912,0.050080034460589784
49-1011.00,Baseline,0.5,2035.0,15263,0.05504346538928736
49-1011.00,Baseline,0.5,2035.0,2929,0.06515357556954596
49-1011.00,Baseline,0.5,2035.0,15262,0.053225899956549284
49-1011.00,Baseline,0.5,2035.0,2918,0.06388520892099854
49-1011.00,Baseline,0.5,2035.0,2925,0.06361842235321138
49-1011.00,Baseline,0.5,2035.0,2919,0.050107271498218114
49-1011.00,Baseline,0.5,2035.0,2915,0.05952392680861355
49-1011.00,Baseline,0.5,2035.0,2920,0.04826448804560134
49-1011.00,Baseline,0.5,2035.0,2916,0.04796934381294707
49-1011.00,Baseline,0.5,2035.0,2923,0.052460042968993946
49-1011.00,Baseline,0.5,2035.0,2931,0.04496933344811937
49-1011.00,Baseline,0.5,2035.0,2917,0.04474143726847492
49-1011.00,Baseline,0.5,2035.0,2926,0.04616463234892158
49-1011.00,Baseline,0.5,2035.0,2930,0.04599807391211633
49-1011.00,Baseline,0.5,2035.0,2927,0.03762154965605849
49-1011.00,Baseline,0.5,2035.0,15264,0.03720872133063699
49-1011.00,Baseline,0.5,2035.0,2921,0.04022878336674501
49-1011.00,Baseline,0.5,2035.0,2932,0.03768360269993605
